BLOCK_NUMBER,BLOCK_TIMESTAMP,TX_HASH,SENDER,RECIPIENT,POOL_ADDRESS,TOKEN0_SYMBOL,TOKEN1_SYMBOL,AMOUNT0_ADJUSTED,AMOUNT1_ADJUSTED,AMOUNT0_USD,AMOUNT1_USD,SLIPPAGE_RATIO,GAS_PRICE_GWEI,SWAP_USD,HOUR_OF_DAY,IS_HIGH_SLIPPAGE,IS_SAME_SENDER_RECIPIENT,anomaly_score,is_anomaly
22474253,2025-05-13 12:18:11.000,0xf0ca8a25c1e35855cb1a7817c62c0334c0341418b65bd209074988f10de6e4f9,0x51c72848c68a965f66fa7a88855f9f7784502a7f,0x51c72848c68a965f66fa7a88855f9f7784502a7f,0x88e6a0c2ddd26feeb64f039a2c41296fcb3f5640,USDC,WETH,-139791.493381,55.906097321,-139791.35,138741.04,-0.992486588,217.674629079,138741.04,12,False,True,-0.10695333965982923,1
22474248,2025-05-13 12:17:11.000,0x1c8111f6e79effc07ff4d4b52192904ea0d2ba7f6f1792739a5e43e0e6b87b54,0xfbd4cdb413e45a52e2c8312f670e9ce67e794c37,0xfbd4cdb413e45a52e2c8312f670e9ce67e794c37,0x56534741cd8b152df6d48adf7ac51f75169a83b2,WBTC,USDT,-0.48379614,50082.845858,-49954.37,50082.85,-1.002571947,68.327224769,50082.85,12,False,True,-0.005700447300839295,1
22474248,2025-05-13 12:17:11.000,0x3b010137203072824e9eaa0b4e8f4d23319ad6c2aa6a056e180f6a50d53b1c4d,0xe592427a0aece92de3edee1f18e0157c05861564,0xf5213a6a2f0890321712520b8048d9886c1a9900,0x9a772018fbd77fcd2d25657e5c547baff3fd7d16,WBTC,USDC,-0.28943797,29991.220541,-29885.92,29991.19,-1.003522394,23.304995831,29991.19,12,False,False,-0.0005943390990306163,1
22474248,2025-05-13 12:17:11.000,0x8a2887653463349d3ec373673a2bf31194b5de002a44174dc39ff4bde70e9f2d,0x1f2f10d1c40777ae1da742455c65828ff36df387,0x1f2f10d1c40777ae1da742455c65828ff36df387,0xc7bbec68d12a0d1830360f8ec58fa599ba1b0e9b,WETH,USDT,-31.730687431,78977.434368,-78745.41,78977.43,-1.002946457,71.190980533,78977.43,12,False,True,-0.02698194338684312,1
22474244,2025-05-13 12:16:23.000,0xa95b5a099c6fbd6ee7c6d19d770ffdd1a0a000ea3a4cad350c6750e24a4aa6a6,0xf3fe03cd60d1f138ebc106ce9575475100ebfc9a,0x9008d19f58aabd9ed0d60971565aa8510560ab41,0x4e665157291dbcb25152ebb01061e4012f58add2,USD0,USDC,106023.530080865,-105796.924812,105798.55,-105796.82,-0.9999836482,3.437221305,105798.55,12,False,False,-0.004251232891008927,1
22474242,2025-05-13 12:15:59.000,0x34f6c8911491696228506a2495129a2420fcca6c082f8a5042d883e1c4884961,0xe592427a0aece92de3edee1f18e0157c05861564,0xf5213a6a2f0890321712520b8048d9886c1a9900,0x56534741cd8b152df6d48adf7ac51f75169a83b2,WBTC,USDT,-0.28968827,29981.677333,-29911.76,29981.68,-1.002337542,22.814406475,29981.68,12,False,False,-0.00010650118039012835,1
22474241,2025-05-13 12:15:47.000,0xcb54f910c6d21fcca1d0d5750e820be099afc563bcaef7c612419d13b4b25aee,0x828ae1566824a9835acb6f565e1e9ea22bfb883a,0x8d02988296949cd054623802c1115973a9afe307,0x41b5b06ccf883fc1652e8d4f73a444f6bb75e384,WETH,RATO,0.778843181,-73641719.7106135,1932.84,-2217.35,-1.147197906,73.904486902,1932.84,12,False,False,-0.05224561514906789,1
22474233,2025-05-13 12:14:11.000,0xc2a02f6e75c7aa7dd6e48d173ac061fd80c87ded794eca80a1a0456a8f3d183f,0x738e79fbc9010521763944ddf13aad7f61502221,0x62d63efdfdc7804666725f4cc8cb45c1a41a0809,0x41b5b06ccf883fc1652e8d4f73a444f6bb75e384,WETH,RATO,0.6030576089,-59455810.5573436,1496.6,-1790.21,-1.196184685,42.274321121,1496.6,12,False,False,-0.028156773261727164,1
22474232,2025-05-13 12:13:59.000,0x09b467d5d831cf8c1847f6cb842fccb8d8976c3539cc4388fdea510b0123ca45,0xf3fe03cd60d1f138ebc106ce9575475100ebfc9a,0x9008d19f58aabd9ed0d60971565aa8510560ab41,0x4e665157291dbcb25152ebb01061e4012f58add2,USD0,USDC,120807.545746397,-120556.622377,120551.19,-120556.5,-1.000044048,3.096755521,120551.19,12,False,False,-0.01368299712342469,1
22474231,2025-05-13 12:13:47.000,0x4f7453b644a7152c0c35fc8afe686bedd5ba3c4e44933ab46ab6aee7bd652bad,0x1f2f10d1c40777ae1da742455c65828ff36df387,0x1f2f10d1c40777ae1da742455c65828ff36df387,0xc7bbec68d12a0d1830360f8ec58fa599ba1b0e9b,WETH,USDT,-32.759947934,81298.938368,-81299.71,81298.94,-0.9999905289,71.179398705,81298.94,12,False,True,-0.02779580199292986,1
22474227,2025-05-13 12:12:59.000,0x894073bef476c67cc8e9c61709e8a17d6b11144367638a14b8ed2c4037328aa4,0x99b1817acb40e76c309e26b2face9da9eff55317,0xccccd9cf1e163472e8f00d0bc3be387aca41dd1a,0xc72abb13b6bdfa64770cb5b1f57bebd36a91a29e,SD,USDC,-9694.530001906,4999.997221,-4939.11,4999.99,-1.012326107,55.677596672,4999.99,12,False,False,-0.0008489488509557663,1
22474224,2025-05-13 12:12:23.000,0xa9ff7d3f1f1b51cfba6cb67972acc87d78eeb866ccfd82ab907b731c022d505f,0x7176f0f071379fee51668eb6387dda9129e5ca6b,0x32ff66ba0b19b378e80c251e1f7d811f0690518d,0x41b5b06ccf883fc1652e8d4f73a444f6bb75e384,WETH,RATO,0.4894127868,-46669678.8549377,1214.57,-1405.22,-1.156969133,24.176214151,1214.57,12,False,False,-0.004250086478064685,1
22474223,2025-05-13 12:12:11.000,0x4c449f02c435e087f8432da963d5df76a685e75219028e20286f66ab58b645e1,0x68b3465833fb72a70ecdf485e0e4c7bd8665fc45,0x4c5f6ad6628d205259443ebcf6cc4cdd7d6cbf81,0x77843ea21a4cc006766bba8bdefd934cbea20f4a,INDEX,WETH,-1445.429438709,0.97170878,-2312.69,2411.47,-1.042712166,53.695396579,2411.47,12,False,False,-0.004526886954944076,1
22474222,2025-05-13 12:11:59.000,0xf93e452333832696091f53d60c7942b3ebc9b2016428bbba316420a2f436f69f,0x51c72848c68a965f66fa7a88855f9f7784502a7f,0x51c72848c68a965f66fa7a88855f9f7784502a7f,0x4e68ccd3e89f51c3074ca5072bbac773960dfa36,WETH,USDT,133.457630735,-333145.489365,331199.13,-333145.49,-1.005876706,2.550654434,331199.13,12,False,True,-0.021682567775534345,1
22474221,2025-05-13 12:11:47.000,0x8659553f45d67d6b86b4b446ded7bcfa29c8b557167f131ef86d263103a24f31,0xfbd4cdb413e45a52e2c8312f670e9ce67e794c37,0xfbd4cdb413e45a52e2c8312f670e9ce67e794c37,0x4e68ccd3e89f51c3074ca5072bbac773960dfa36,WETH,USDT,46.393144334,-115981.447484,115132.94,-115981.45,-1.007369828,32.343334481,115132.94,12,False,True,-0.0205263857026049,1
22474219,2025-05-13 12:11:23.000,0x9aef9f6f9b613095306a6197492564040bf88b74296a247245dce16ae9e5b006,0x51c72848c68a965f66fa7a88855f9f7784502a7f,0x51c72848c68a965f66fa7a88855f9f7784502a7f,0x88e6a0c2ddd26feeb64f039a2c41296fcb3f5640,USDC,WETH,-96547.407603,38.569598481,-96547.31,95717.4,-0.9914041106,148.030454435,95717.4,12,False,True,-0.08144008531153679,1
22474219,2025-05-13 12:11:23.000,0xf293c957b3c92899b735b9a79e2e2c1462f9ee40fc1938fdbed5ff4b045396c0,0x51c72848c68a965f66fa7a88855f9f7784502a7f,0x51c72848c68a965f66fa7a88855f9f7784502a7f,0x8ad599c3a0ff1de082011efddc58f1908eb6e6d8,USDC,WETH,-61848.20337,24.710546584,-61848.14,61323.67,-0.991520036,73.359686828,61323.67,12,False,True,-0.02554247675490351,1
22474219,2025-05-13 12:11:23.000,0x55b0aa16e4284c6356413136c4a03e0687f264b85ad0feab4244b52c6418604b,0x51c72848c68a965f66fa7a88855f9f7784502a7f,0x51c72848c68a965f66fa7a88855f9f7784502a7f,0x4e68ccd3e89f51c3074ca5072bbac773960dfa36,WETH,USDT,57.324762405,-143471.428297,142261.72,-143471.43,-1.008503412,202.430330253,142261.72,12,False,True,-0.11266654103001317,1
22474219,2025-05-13 12:11:23.000,0xc82ebb846d2bb5131aea3532648027e2c487b3f3622a5ac62185a73181209bae,0x51c72848c68a965f66fa7a88855f9f7784502a7f,0x51c72848c68a965f66fa7a88855f9f7784502a7f,0x11b815efb8f581194ae79006d24e0d814b7697f6,WETH,USDT,17.573472828,-43987.70453,43611.74,-43987.7,-1.008620615,82.019147985,43611.74,12,False,True,-0.0251337561202003,1
22474214,2025-05-13 12:10:23.000,0x61b5b165258da84480e1bb95e1f1784bea8de57464dcd7b36378cc1728491f7e,0xeff6cb8b614999d130e537751ee99724d01aa167,0xeff6cb8b614999d130e537751ee99724d01aa167,0x92560c178ce069cc014138ed3c2f5221ba71f58a,WETH,ENS,-19.367033946,2098.349627328,-48062.78,48283.02,-1.00458234,170.899280958,48283.02,12,False,True,-0.04985877804040528,1
22474211,2025-05-13 12:09:47.000,0xb761bd1a6ffd0295025ffec0ebe569ec06951e49ed51df2f2f8dc4c6c9a51049,0x738e79fbc9010521763944ddf13aad7f61502221,0x62d63efdfdc7804666725f4cc8cb45c1a41a0809,0x77843ea21a4cc006766bba8bdefd934cbea20f4a,INDEX,WETH,-618.753469197,0.4103735006,-990.01,1018.42,-1.02869668,74.796113666,1018.42,12,False,False,-0.023437893443964852,1
22474203,2025-05-13 12:08:11.000,0x99fa90afd2202ec4230884dc9f185bbb98b268ce5311a7b7383432502a9f9517,0x51c72848c68a965f66fa7a88855f9f7784502a7f,0x51c72848c68a965f66fa7a88855f9f7784502a7f,0x88e6a0c2ddd26feeb64f039a2c41296fcb3f5640,USDC,WETH,-67597.34294,26.964130208,-67597.28,66916.34,-0.9899265178,57.183174987,66916.34,12,False,True,-0.008968578912129321,1
22474200,2025-05-13 12:07:35.000,0xe9f23ac17755b98ad3e3e62f9778c8d1690a13c0bc3ee76ecd29092c0eabc88d,0x828ae1566824a9835acb6f565e1e9ea22bfb883a,0x5a9cc4b28d568bf083fa54c8a2a15178db8ab278,0xe0554a476a092703abdb3ef35c80e0d76d32939f,USDC,WETH,-1882.681437,0.7503720975,-1882.68,1862.18,-0.9891112669,66.637435948,1862.18,12,False,False,-0.010755416462074119,1
22474181,2025-05-13 12:03:47.000,0x6ff557b555da78efc2ef1e41f64966770a712b609c1df9410654f394ae0d9adb,0x66a9893cc07d91d95644aedd05d03f95e1dba8af,0xb3d525155609ea680125acdd9ee61c2a74610eaa,0x3416cf6c708da44db2624d63ea0aaef7113527c6,USDC,USDT,113600.0,-113581.899948,113599.89,-113581.9,-0.9998416372,2.805579493,113599.89,12,False,False,-0.01457306933524305,1
22474177,2025-05-13 12:02:59.000,0xc3580843e04979a5f13711299a213698ec946f3f40a74a4289c807cbb0d56f55,0x1f2f10d1c40777ae1da742455c65828ff36df387,0x1f2f10d1c40777ae1da742455c65828ff36df387,0xc7bbec68d12a0d1830360f8ec58fa599ba1b0e9b,WETH,USDT,-22.664972665,56559.983872,-56247.21,56559.98,-1.005560631,112.906244266,56559.98,12,False,True,-0.047981299559089696,1
22474175,2025-05-13 12:02:35.000,0x603ddf50db8ae6a29089e58f83062099d87a5725dea88c2327b8612b34f6d53c,0x1f2f10d1c40777ae1da742455c65828ff36df387,0x1f2f10d1c40777ae1da742455c65828ff36df387,0xe0554a476a092703abdb3ef35c80e0d76d32939f,USDC,WETH,-89939.846697,35.591378316,-89939.76,88326.41,-0.9820618823,179.863613129,88326.41,12,False,True,-0.08834081651699333,1
22474166,2025-05-13 12:00:47.000,0xea590fc43fe95274223111e6322bb697c31555d56387ed1623a5865db5016112,0x6e4141d33021b52c91c28608403db4a0ffb50ec6,0x6e4141d33021b52c91c28608403db4a0ffb50ec6,0x0b599ebf4e05af48b56d38e2dde520570c366460,WBTC,LBTC,3.32901144,-3.33255413,343737.08,-343593.0,-0.9995808424,2.371670832,343737.08,12,False,True,-0.01474185396431038,1
22474166,2025-05-13 12:00:47.000,0xea590fc43fe95274223111e6322bb697c31555d56387ed1623a5865db5016112,0x6e4141d33021b52c91c28608403db4a0ffb50ec6,0x6e4141d33021b52c91c28608403db4a0ffb50ec6,0x73a38006d23517a1d383c88929b2014f8835b38b,tBTC,WBTC,3.336431577,-3.32901144,343615.75,-343737.08,-1.000353098,2.371670832,343615.75,12,False,True,-0.014296553146990743,1
22474131,2025-05-13 11:53:35.000,0x0cf1f9e77a58c477cc380ac42a8263a5273bdc83c9b07256ebef33c9767144a4,0xfbd4cdb413e45a52e2c8312f670e9ce67e794c37,0xfbd4cdb413e45a52e2c8312f670e9ce67e794c37,0x15153da0e9e13cfc167b3d417d3721bf545479bb,Neiro,WETH,-9619322.64618026,2.444615433,-5799.59,6079.0,-1.048177544,291.105286308,6079.0,11,False,True,-0.010212213132944181,1
22474126,2025-05-13 11:52:35.000,0xdc7249d1f4dbbc5e69c9f61e41bcd5f46a80d868da16145c456ab30c69b14af8,0x51c72848c68a965f66fa7a88855f9f7784502a7f,0x51c72848c68a965f66fa7a88855f9f7784502a7f,0x4e68ccd3e89f51c3074ca5072bbac773960dfa36,WETH,USDT,40.317557058,-101068.302006,100257.27,-101068.3,-1.008089488,126.936629995,100257.27,11,False,True,-0.04595956892973685,1
22474118,2025-05-13 11:50:59.000,0x9e883822ab9bc1755cb658bed8d36564980798d3271a82abc4bed56dc4d7b209,0xfbd4cdb413e45a52e2c8312f670e9ce67e794c37,0xfbd4cdb413e45a52e2c8312f670e9ce67e794c37,0x88e6a0c2ddd26feeb64f039a2c41296fcb3f5640,USDC,WETH,-88554.243814,35.265755752,-88545.48,87695.0,-0.9903949925,100.24139115,87695.0,11,False,True,-0.030665552767934146,1
22474093,2025-05-13 11:45:35.000,0x1bc4cae947fd576a4728d259aef63560c152a7cded93928f9bb940e76edcae9e,0x5141b82f5ffda4c6fe1e372978f1c5427640a190,0x5141b82f5ffda4c6fe1e372978f1c5427640a190,0x109830a1aaad605bbf02a9dfa7b0b92ec2fb7daa,wstETH,WETH,-213.416275593,256.5,-635575.01,637835.99,-1.003557377,3.145734874,637835.99,11,False,True,-0.002360703782917306,1
22474084,2025-05-13 11:43:47.000,0x6cc1d7a8adb338fee9f4e495996fe272147e1b59bd91207f42239532a3a8eed8,0x51c72848c68a965f66fa7a88855f9f7784502a7f,0x51c72848c68a965f66fa7a88855f9f7784502a7f,0x88e6a0c2ddd26feeb64f039a2c41296fcb3f5640,USDC,WETH,-73457.181466,29.150054947,-73449.91,72487.15,-0.9868922916,85.120707543,72487.15,11,False,True,-0.017232607201162375,1
22474080,2025-05-13 11:42:59.000,0xd4535ac9bcced21002d99af106c4dc36f5a7fb336c6a17b83e8a0528a5b8edbc,0x1f2f10d1c40777ae1da742455c65828ff36df387,0x1f2f10d1c40777ae1da742455c65828ff36df387,0xe0554a476a092703abdb3ef35c80e0d76d32939f,USDC,WETH,-178410.893731,69.995858003,-178393.23,174058.0,-0.9756984612,97.103904647,174058.0,11,False,True,-0.09218404776949196,1
22474077,2025-05-13 11:42:23.000,0x2cf1687d3ac127a164d0fa0f7415dc9f9459fdafbf9395bb4995c9dc4e141f33,0x51c72848c68a965f66fa7a88855f9f7784502a7f,0x51c72848c68a965f66fa7a88855f9f7784502a7f,0x11b815efb8f581194ae79006d24e0d814b7697f6,WETH,USDT,19.895875998,-50204.579832,49474.88,-50204.58,-1.014748899,105.952311674,49474.88,11,False,True,-0.009035445577261436,1
22474077,2025-05-13 11:42:23.000,0x2b109b245c85c3ee5d02d1ea936b89fe3b0768747c2a0186f04b0404548f7b00,0x51c72848c68a965f66fa7a88855f9f7784502a7f,0x51c72848c68a965f66fa7a88855f9f7784502a7f,0x88e6a0c2ddd26feeb64f039a2c41296fcb3f5640,USDC,WETH,-77756.481323,30.820565082,-77748.78,76641.19,-0.9857542459,76.631281484,76641.19,11,False,True,-0.008217007987677993,1
22474076,2025-05-13 11:42:11.000,0xb1f9b2ed16a5133ec8b7df2a934eb97419ab6894d3c27429eb756fcebc9ece5b,0x4347b972898b2fd780adbdaa29b4a5160a9f4fe5,0x156acd2bc5fc336d59baae602a2bd9b5e20d6672,0x88e6a0c2ddd26feeb64f039a2c41296fcb3f5640,USDC,WETH,149508.845461,-59.159211338,149494.04,-147110.62,-0.9840567557,4.927988534,149494.04,11,False,False,-0.009125881968453209,1
22474070,2025-05-13 11:40:59.000,0xdfdc97b45dce5fbf827e3628e364db914104b331a53858d4edcbc036c1a98e9f,0x66a9893cc07d91d95644aedd05d03f95e1dba8af,0x66a9893cc07d91d95644aedd05d03f95e1dba8af,0x202a6012894ae5c288ea824cbc8a9bfb26a49b93,WETH,weETH,-320.060034542,300.0,-795890.09,793521.0,-0.9970233453,3.031253772,793521.0,11,False,True,-0.010508859845979268,1
22474055,2025-05-13 11:37:59.000,0x17760c404df392cbeea590dfc89b78ae8798f79170f4683b441e4b45c787ef26,0x51c72848c68a965f66fa7a88855f9f7784502a7f,0x51c72848c68a965f66fa7a88855f9f7784502a7f,0x8ad599c3a0ff1de082011efddc58f1908eb6e6d8,USDC,WETH,148909.442333,-59.019202836,148894.7,-146762.46,-0.985679544,408.496732026,148894.7,11,False,True,-0.10445897233627377,1
22474055,2025-05-13 11:37:59.000,0x157fc8ce9dd872d420fd0adeee3e0aa719e770c42133b995d0aede69fff4d406,0x51c72848c68a965f66fa7a88855f9f7784502a7f,0x51c72848c68a965f66fa7a88855f9f7784502a7f,0xcbcdf9626bc03e24f779434178a73a0b4bad62ed,WBTC,WETH,0.58942075,-24.230857056,60904.85,-60254.63,-0.9893240029,145.03969181,60904.85,11,False,True,-0.02831650761465998,1
22474048,2025-05-13 11:36:35.000,0x5f4bf77cb321ee685c710b4d37176b4a8e9b199d74891e573af22a47bd058297,0x00000000009e50a7ddb7a7b0e2ee6604fd120e49,0x00000000009e50a7ddb7a7b0e2ee6604fd120e49,0xa69377f97ed3a23986b9c48d0078ab8879cc9015,BERRY,WETH,81350.935880314,-0.7673253108,1975.54,-1908.1,-0.9658624984,530.258498448,1975.54,11,False,True,-0.018061945768999665,1
22474047,2025-05-13 11:36:23.000,0x92fd7469add01bcdf03449f6d460b1a4e7cce2c38e6dd534676c365e6366c678,0x51c72848c68a965f66fa7a88855f9f7784502a7f,0x51c72848c68a965f66fa7a88855f9f7784502a7f,0x88e6a0c2ddd26feeb64f039a2c41296fcb3f5640,USDC,WETH,121450.33604,-48.261958767,121438.31,-120012.53,-0.988259224,188.370629828,121438.31,11,False,True,-0.07823482038954555,1
22474047,2025-05-13 11:36:23.000,0x4d3c2f81c6e1d9ad46cf09bf5c5b333c78505f75d818e76d24e4a051406013da,0x51c72848c68a965f66fa7a88855f9f7784502a7f,0x51c72848c68a965f66fa7a88855f9f7784502a7f,0x11b815efb8f581194ae79006d24e0d814b7697f6,WETH,USDT,-19.404797699,48820.468104,-48253.72,48820.47,-1.011745208,99.354584251,48820.47,11,False,True,-0.0034072064456918127,1
22474044,2025-05-13 11:35:47.000,0xd49a23ef55af976e127a862bb74b1d3b45d9c66730eb634d28d7a84fd3a9a2d7,0x7176f0f071379fee51668eb6387dda9129e5ca6b,0x32ff66ba0b19b378e80c251e1f7d811f0690518d,0x41b5b06ccf883fc1652e8d4f73a444f6bb75e384,WETH,RATO,0.7444655965,-68528353.6063042,1851.26,-2104.51,-1.136798721,87.895426384,1851.26,11,False,False,-0.017974095695977632,1
22474034,2025-05-13 11:33:47.000,0x8331ead9370f6eec7ad4f03f4f66878d2445b47dca22f4b2153f5c7516cdcdee,0xd4bc53434c5e12cb41381a556c3c47e1a86e80e3,0xd4bc53434c5e12cb41381a556c3c47e1a86e80e3,0xe0554a476a092703abdb3ef35c80e0d76d32939f,USDC,WETH,33567.415526,-13.350295984,33564.09,-33198.05,-0.9890942969,205.578077292,33564.09,11,False,True,-0.022291126939243178,1
22474034,2025-05-13 11:33:47.000,0x31b982fd355394c64b21745835af567bfb6febe849fd522028b82da8354da104,0x51c72848c68a965f66fa7a88855f9f7784502a7f,0x51c72848c68a965f66fa7a88855f9f7784502a7f,0x88e6a0c2ddd26feeb64f039a2c41296fcb3f5640,USDC,WETH,150511.559353,-59.80178555,150496.66,-148708.5,-0.9881182745,252.704644931,150496.66,11,False,True,-0.09719213477175448,1
22474034,2025-05-13 11:33:47.000,0x96a654f8a0182899a31bcd356e2380ae46f12ba197cf14abce29d78938f426b5,0x51c72848c68a965f66fa7a88855f9f7784502a7f,0x51c72848c68a965f66fa7a88855f9f7784502a7f,0x8ad599c3a0ff1de082011efddc58f1908eb6e6d8,USDC,WETH,68953.530141,-27.386281793,68946.7,-68101.19,-0.987736759,86.7703875,68946.7,11,False,True,-0.022860627919094045,1
22474033,2025-05-13 11:33:35.000,0x57c137793b5a3c006af825e18b415bbf02e319d3209dc3c46669e508e58edefc,0x1f2f10d1c40777ae1da742455c65828ff36df387,0x1f2f10d1c40777ae1da742455c65828ff36df387,0x41b5b06ccf883fc1652e8d4f73a444f6bb75e384,WETH,RATO,-0.7562570899,66738093.2852936,-1880.58,2049.53,-1.089839305,506.557747948,2049.53,11,False,True,-0.029314426564221452,1
22474033,2025-05-13 11:33:35.000,0x57c137793b5a3c006af825e18b415bbf02e319d3209dc3c46669e508e58edefc,0x1f2f10d1c40777ae1da742455c65828ff36df387,0x1f2f10d1c40777ae1da742455c65828ff36df387,0x2982d3295a0e1a99e6e88ece0e93ffdfc5c761ae,wTAO,WETH,-3.104834983,0.5739591958,-1444.28,1427.26,-0.9882155815,506.557747948,1427.26,11,False,True,-6.546861477785271e-05,1
22474031,2025-05-13 11:33:11.000,0x8baa164b1677df87c210bb862b397685c65bcb3a5e93895bfe4ea26dab8d3fa1,0x51c72848c68a965f66fa7a88855f9f7784502a7f,0x51c72848c68a965f66fa7a88855f9f7784502a7f,0x88e6a0c2ddd26feeb64f039a2c41296fcb3f5640,USDC,WETH,127489.808862,-50.887007294,127477.19,-126540.21,-0.9926498223,206.416897373,127477.19,11,False,True,-0.08125508821572558,1
22474023,2025-05-13 11:31:35.000,0x48b78e0f7f668929527a2f44ac0160f30bbae96d12237d8435b1bdb5480b85cb,0x1f2f10d1c40777ae1da742455c65828ff36df387,0x1f2f10d1c40777ae1da742455c65828ff36df387,0x5412be87c36d671358353dffc839ef79cdf79530,MPL,WETH,-219.821507041,0.2183862064,-751.79,543.06,-0.7223559771,245.346664072,543.06,11,False,True,-0.048472060816394436,1
22474023,2025-05-13 11:31:35.000,0x48b78e0f7f668929527a2f44ac0160f30bbae96d12237d8435b1bdb5480b85cb,0x1f2f10d1c40777ae1da742455c65828ff36df387,0x1f2f10d1c40777ae1da742455c65828ff36df387,0x9f41a3ac0c16a9feb5400751a34c609211839cfa,MPL,WETH,-99.49200092,0.09701847938,-340.26,241.25,-0.7090166343,245.346664072,241.25,11,False,True,-0.04796421494943015,1
22474001,2025-05-13 11:27:11.000,0x6fb613f610d0408c823ecc078df0ff497d7913eaee706a7b48fbc7ac0dc6ba61,0xf3fe03cd60d1f138ebc106ce9575475100ebfc9a,0x9008d19f58aabd9ed0d60971565aa8510560ab41,0x4e665157291dbcb25152ebb01061e4012f58add2,USD0,USDC,-467783.289039639,466878.817463,-466717.68,466832.6,-1.00024623,2.329202333,466832.6,11,False,False,-0.04591610873483787,1
22473976,2025-05-13 11:22:11.000,0x70fd17835b2b75fbfb17dc4bda8ae7fa551be7d9492d17fbbf656d4e12dfe330,0x1f2f10d1c40777ae1da742455c65828ff36df387,0x1f2f10d1c40777ae1da742455c65828ff36df387,0x88e6a0c2ddd26feeb64f039a2c41296fcb3f5640,USDC,WETH,784767.854606,-316.46563904,784690.16,-786951.94,-1.002882386,103.751274026,784690.16,11,False,True,-0.1147162264825019,1
22473976,2025-05-13 11:22:11.000,0x72ca31608e02a9279fa598a5a5a98b84c8d1d0561ff8716c6f12651d0733f71f,0x1f2f10d1c40777ae1da742455c65828ff36df387,0x1f2f10d1c40777ae1da742455c65828ff36df387,0x88e6a0c2ddd26feeb64f039a2c41296fcb3f5640,USDC,WETH,-886120.615795,357.490970938,-886032.89,888969.22,-1.003314019,1.523565596,888969.22,11,False,True,-0.011774472908984923,1
22473970,2025-05-13 11:20:59.000,0x0ade9927b7f80bd794cff08f73ba8c41b8a0a78b3fe1e022d8967aa29287eda4,0x51c72848c68a965f66fa7a88855f9f7784502a7f,0x51c72848c68a965f66fa7a88855f9f7784502a7f,0x88e6a0c2ddd26feeb64f039a2c41296fcb3f5640,USDC,WETH,75068.359375,-30.201538744,75060.93,-75101.86,-1.00054529,94.110414025,75060.93,11,False,True,-0.02066248916426283,1
22473968,2025-05-13 11:20:35.000,0x7f8c9e0006ec27033e84f7ab719ee172cff4dbaca2a50df534dd3b39af26acbd,0x5418226af9c8d5d287a78fbbbcd337b86ec07d61,0x5418226af9c8d5d287a78fbbbcd337b86ec07d61,0xe8f7c89c5efa061e340f2d2f206ec78fd8f7e124,WBTC,cbBTC,-40.32043424,40.31604538,-4166310.47,4169485.41,-1.000762051,1.780743031,4169485.41,11,False,True,-0.010412356229765996,1
22473957,2025-05-13 11:18:23.000,0xad5b160a462b1a1f82dcf136437c2641f7212c64ee03ebd0149cb64dcc9ef8ce,0x51c72848c68a965f66fa7a88855f9f7784502a7f,0x51c72848c68a965f66fa7a88855f9f7784502a7f,0x4e68ccd3e89f51c3074ca5072bbac773960dfa36,WETH,USDT,-37.435866546,93110.572507,-93091.39,93110.57,-1.000206034,109.518580751,93110.57,11,False,True,-0.02707889486537618,1
22473922,2025-05-13 11:11:23.000,0x35a7c3ba2f02f3d5b31e1fe3005e732dd00538d4fa0e14b38e68d8dce7b4deee,0x1f2f10d1c40777ae1da742455c65828ff36df387,0x1f2f10d1c40777ae1da742455c65828ff36df387,0xe0554a476a092703abdb3ef35c80e0d76d32939f,USDC,WETH,-274352.920597,108.934058455,-274325.76,270885.23,-0.9874582321,17.654751718,270885.23,11,False,True,-0.008916738926814216,1
22473867,2025-05-13 11:00:11.000,0xa0e1b89e608600871b69b455ab1da0ef68082286bb36de4b749085725710c33a,0x1f2f10d1c40777ae1da742455c65828ff36df387,0x1f2f10d1c40777ae1da742455c65828ff36df387,0x9a772018fbd77fcd2d25657e5c547baff3fd7d16,WBTC,USDC,-2.85098993,294277.897984,-294592.79,294248.76,-0.9988321846,105.565155033,294248.76,11,False,True,-0.09445593064411428,1
22473858,2025-05-13 10:58:23.000,0x846efce6142240ea1dcd3b8a6f8477dd7bd44e6e72811f5b32efae78730c68fd,0xe592427a0aece92de3edee1f18e0157c05861564,0x1ed2584074b802929c7d94ca43459ac9b074141d,0x4e665157291dbcb25152ebb01061e4012f58add2,USD0,USDC,-310633.736868834,310000.0,-309855.29,309999.38,-1.000465024,1.807629776,309999.38,10,False,False,-0.02677209325692842,1
22473858,2025-05-13 10:58:23.000,0x9ff86393fa3444165916d72b32b0fc57db514248c7cfcd36ff891039e174367f,0x828ae1566824a9835acb6f565e1e9ea22bfb883a,0x9a3356a11cd8d14be2cb56ff59a0b2a3d8b4e21b,0xe7f843b733bfd80ed28fc9053dcedf677b80ee34,EAGLE,USD1,-11871.335170201,54.147098551,,54.31,,489.824774853,54.31,10,False,False,-0.028471703753163213,1
22473838,2025-05-13 10:54:23.000,0xf0ebd3561d37a0dfac87a2a14ad20bfbd4f0dcf3c65212b0fbb9e7a7a307b285,0xf3fe03cd60d1f138ebc106ce9575475100ebfc9a,0x9008d19f58aabd9ed0d60971565aa8510560ab41,0x4e665157291dbcb25152ebb01061e4012f58add2,USD0,USDC,294328.515036322,-293683.018062,293590.93,-293682.43,-1.000311658,1.67415429,293590.93,10,False,False,-0.01425508888257132,1
22473835,2025-05-13 10:53:47.000,0x267f834505bee61a506307da5c33b290515fc41f50b72b1380a6dfd78b94c8aa,0x1f2f10d1c40777ae1da742455c65828ff36df387,0x1f2f10d1c40777ae1da742455c65828ff36df387,0xc7bbec68d12a0d1830360f8ec58fa599ba1b0e9b,WETH,USDT,-0.6534813598,1622.77909,-1605.79,1622.73,-1.010549325,351.673247234,1622.73,10,False,True,-0.0026768539915867917,1
22473821,2025-05-13 10:50:59.000,0x0561667cc12eae4fa0b544b0a38920381eb502fcaf02c34cd184f08f6243a8ec,0x7176f0f071379fee51668eb6387dda9129e5ca6b,0xa701f9db977c98f9043b20225b4322f94dbd50db,0x09117bff68b5939319e61b226bf1f3f5f985eba1,QANX,WETH,-72463.768115942,0.7601050189,-2010.27,1867.79,-0.9291239485,175.620088018,1867.79,10,False,False,-0.02400419304882284,1
22473790,2025-05-13 10:44:35.000,0x9b98f831cefa9fb11210722eed306303196989fc95460f2cab2bb9916605ab37,0x1f2f10d1c40777ae1da742455c65828ff36df387,0x1f2f10d1c40777ae1da742455c65828ff36df387,0xe0554a476a092703abdb3ef35c80e0d76d32939f,USDC,WETH,89574.840275,-36.309528726,89574.66,-89222.68,-0.9960705405,110.356764061,89574.66,10,False,True,-0.02465162905879814,1
22473790,2025-05-13 10:44:35.000,0x19c3c4b236ea736bbf43e25790162ec6ce77ab04fa9d0274670ca3bc380a075b,0x51c72848c68a965f66fa7a88855f9f7784502a7f,0x51c72848c68a965f66fa7a88855f9f7784502a7f,0xe8f7c89c5efa061e340f2d2f206ec78fd8f7e124,WBTC,cbBTC,3.26765651,-3.26653499,335833.4,-335741.0,-0.9997248636,67.301334552,335833.4,10,False,True,-0.06965580067747923,1
22473773,2025-05-13 10:41:11.000,0xf328d5a56e39f977de82b14f042155688b995f58d4f4c8b50443e0ed06454946,0x51c72848c68a965f66fa7a88855f9f7784502a7f,0x51c72848c68a965f66fa7a88855f9f7784502a7f,0x88e6a0c2ddd26feeb64f039a2c41296fcb3f5640,USDC,WETH,82807.13832,-33.39669071,82806.97,-82065.02,-0.9910400054,81.55561602,82806.97,10,False,True,-0.010846940551338391,1
22473763,2025-05-13 10:38:59.000,0x92e53381604c261eafe4e40764833f805ab63485b8a965a7b79338a3749a9887,0xe592427a0aece92de3edee1f18e0157c05861564,0x9008d19f58aabd9ed0d60971565aa8510560ab41,0x4e665157291dbcb25152ebb01061e4012f58add2,USD0,USDC,-367464.381434154,366763.968741,-366543.52,366763.24,-1.000599438,2.169240319,366763.24,10,False,False,-0.02963410785392795,1
22473748,2025-05-13 10:35:59.000,0x857641fff85bca5378859f6e1dc60071141c6f23456e339b10ec982124085b38,0xe592427a0aece92de3edee1f18e0157c05861564,0x9008d19f58aabd9ed0d60971565aa8510560ab41,0x4e665157291dbcb25152ebb01061e4012f58add2,USD0,USDC,343833.860106564,-343071.467916,342972.21,-343070.78,-1.000287399,2.660027895,342972.21,10,False,False,-0.027367996201216216,1
22473746,2025-05-13 10:35:35.000,0x3bd9773f6fe1ba74d771f9b80ab4ac2da8a79dcd613d2f6f1afff11f62669036,0xe592427a0aece92de3edee1f18e0157c05861564,0x3416cf6c708da44db2624d63ea0aaef7113527c6,0x88e6a0c2ddd26feeb64f039a2c41296fcb3f5640,USDC,WETH,-252595.799102,102.156564315,-252595.29,251027.28,-0.9937924021,3.169652449,251027.28,10,False,False,-0.00942278480475578,1
22473746,2025-05-13 10:35:35.000,0x3bd9773f6fe1ba74d771f9b80ab4ac2da8a79dcd613d2f6f1afff11f62669036,0xe592427a0aece92de3edee1f18e0157c05861564,0x6a000f20005980200259b80c5102003040001068,0x3416cf6c708da44db2624d63ea0aaef7113527c6,USDC,USDT,252595.799102,-252559.68,252595.29,-252551.6,-0.9998270356,3.169652449,252595.29,10,False,False,-0.00843242309130987,1
22473732,2025-05-13 10:32:35.000,0x7e3d2fe89df33ae8daa72f069275d74417b37073357aa80ce7b1869181e9bd60,0x1f2f10d1c40777ae1da742455c65828ff36df387,0x1f2f10d1c40777ae1da742455c65828ff36df387,0xe0554a476a092703abdb3ef35c80e0d76d32939f,USDC,WETH,-308088.562195,122.06931914,-308087.95,299958.5,-0.9736132166,133.794494575,299958.5,10,False,True,-0.11221472503384478,1
22473710,2025-05-13 10:28:11.000,0x43374102939a0f940d48cfea53ff2f991bc0e5fb0efeea17abced8eba3a7c452,0x1f2f10d1c40777ae1da742455c65828ff36df387,0x1f2f10d1c40777ae1da742455c65828ff36df387,0xc7bbec68d12a0d1830360f8ec58fa599ba1b0e9b,WETH,USDT,88.378757588,-222783.384321,217171.35,-222776.26,-1.025808699,62.993690814,217171.35,10,False,True,-0.057877744481772964,1
22473693,2025-05-13 10:24:47.000,0xe5af840d787c834eb67d69c1a2f773a54333e4038a023845134198e3fe76a906,0x1f2f10d1c40777ae1da742455c65828ff36df387,0x1f2f10d1c40777ae1da742455c65828ff36df387,0x60594a405d53811d3bc4766596efd80fd545a270,DAI,WETH,49278.832799064,-20.252802973,49275.88,-49766.81,-1.009962887,115.601936062,49275.88,10,False,True,-0.005138812446139118,1
22473667,2025-05-13 10:19:35.000,0x8a7d54b023e924ae2f6de5fc648fce8a6ee898d55b23304fcd98f556dd2bd054,0x51c72848c68a965f66fa7a88855f9f7784502a7f,0x51c72848c68a965f66fa7a88855f9f7784502a7f,0x88e6a0c2ddd26feeb64f039a2c41296fcb3f5640,USDC,WETH,95997.770183,-38.781361139,95997.58,-95296.66,-0.9926985659,110.8208406,95997.58,10,False,True,-0.024180539801187728,1
22473666,2025-05-13 10:19:23.000,0x41a4a428c343478130c32fd0fe7b30510a7857214630a4f5f184e0d2306d88de,0x1f2f10d1c40777ae1da742455c65828ff36df387,0x1f2f10d1c40777ae1da742455c65828ff36df387,0x88e6a0c2ddd26feeb64f039a2c41296fcb3f5640,USDC,WETH,833133.279395,-338.480373113,833131.61,-831741.05,-0.998330924,210.179869197,833131.61,10,False,True,-0.14326275313167247,1
22473657,2025-05-13 10:17:23.000,0xe5490582f97dd0cb520097cd3860e6e9125160476279b88fd0cf059f21b1216f,0x51c72848c68a965f66fa7a88855f9f7784502a7f,0x51c72848c68a965f66fa7a88855f9f7784502a7f,0x88e6a0c2ddd26feeb64f039a2c41296fcb3f5640,USDC,WETH,-84579.145408,34.150920967,-84578.98,83918.38,-0.9921895488,86.455575976,83918.38,10,False,True,-0.016004220938448332,1
22473651,2025-05-13 10:16:11.000,0xeb613b25a1c569e49dc1e0cedafe7d83e933bb608e59f019033152723c36268f,0x0000e0ca771e21bd00057f54a68c30d400000000,0x0000e0ca771e21bd00057f54a68c30d400000000,0x3af029b34926028d7ecd4b870cf096493e18f6d0,SWFTC,USDT,-424778.89317249,5839.066346,-6258.63,5838.88,-0.9329326067,526.397328634,5838.88,10,False,True,-0.034294170227221366,1
22473605,2025-05-13 10:06:47.000,0x7970dcaab5dbcf6106458c8d0c83c85da40326892f816454ce43fe41180edf5b,0x1f2f10d1c40777ae1da742455c65828ff36df387,0x564f8ce91bb85da83e8a5c34e7b1905d3d4a252a,0x350257b77ba3afff4107780c50ae264edfd7a143,MACI,WETH,-364574474504.709,0.05613071714,,137.93,,288.445440767,137.93,10,False,False,-0.024391471049065694,1
22473589,2025-05-13 10:03:23.000,0xf9b3325a57c133570d7428605242ae9ab17bea94fa28687508648eead36f394d,0x68b3465833fb72a70ecdf485e0e4c7bd8665fc45,0x9008d19f58aabd9ed0d60971565aa8510560ab41,0x109830a1aaad605bbf02a9dfa7b0b92ec2fb7daa,wstETH,WETH,-181.907887671,218.623992843,-537170.35,537220.37,-1.000093118,3.631576114,537220.37,10,False,False,-0.035022109531366974,1
22473563,2025-05-13 09:58:11.000,0x9a306d62a16e03ec658e5895adbf74f89e56f7ae03f2cae388880dd6c4529048,0x1f2f10d1c40777ae1da742455c65828ff36df387,0x1f2f10d1c40777ae1da742455c65828ff36df387,0xe0554a476a092703abdb3ef35c80e0d76d32939f,USDC,WETH,178986.333022,-72.743894902,178981.5,-179323.89,-1.001912991,85.024100779,178981.5,9,False,True,-0.06528132263552655,1
22473543,2025-05-13 09:54:11.000,0x2cad2d20619a532033e83aa279d9450a1e314d81c9ffba9e747dd04fef12d562,0x1f2f10d1c40777ae1da742455c65828ff36df387,0x1f2f10d1c40777ae1da742455c65828ff36df387,0xc7bbec68d12a0d1830360f8ec58fa599ba1b0e9b,WETH,USDT,-32.865509033,81160.067328,-81018.08,81158.04,-1.001727516,85.672430902,81158.04,9,False,True,-0.011553243054235551,1
22473537,2025-05-13 09:52:59.000,0x86c864e8e9b35d1bb745b0e537909c72d4877b11cbb6d530fef0ded17c19bd44,0xe592427a0aece92de3edee1f18e0157c05861564,0x9008d19f58aabd9ed0d60971565aa8510560ab41,0x99ac8ca7087fa4a2a1fb6357269965a2014abc35,WBTC,USDC,-2.38094509,246311.304475,-244354.01,246304.65,-1.007982844,2.840674526,246304.65,9,False,False,-0.002299404741151534,1
22473537,2025-05-13 09:52:59.000,0x86c864e8e9b35d1bb745b0e537909c72d4877b11cbb6d530fef0ded17c19bd44,0xe592427a0aece92de3edee1f18e0157c05861564,0x9008d19f58aabd9ed0d60971565aa8510560ab41,0xe8f7c89c5efa061e340f2d2f206ec78fd8f7e124,WBTC,cbBTC,3.00104492,-2.99999992,307994.24,-308012.99,-1.000060878,2.840674526,307994.24,9,False,False,-0.015036946570225473,1
22473503,2025-05-13 09:45:59.000,0xa017e5172339639bcfa8b0eb0bda8ab5e343e556837ab461fc41921409aeb8c6,0x66a9893cc07d91d95644aedd05d03f95e1dba8af,0xd3d82d7322257cabdc4bd9f7437f29197d9bd364,0x3416cf6c708da44db2624d63ea0aaef7113527c6,USDC,USDT,-349979.270357,350000.0,-349969.82,349991.25,-1.000061234,4.186131959,349991.25,9,False,False,-0.014144781806916806,1
22473464,2025-05-13 09:38:11.000,0x488bc365779ebbd320f97a25f0b256353c3dfcaac5a4e2d67a95f9932f8ca4d3,0x76edf8c155a1e0d9b2ad11b04d9671cbc25fee99,0xcf5540fffcdc3d510b18bfca6d2b9987b0772559,0x0b599ebf4e05af48b56d38e2dde520570c366460,WBTC,LBTC,2.74902382,-2.75165332,282129.57,-280346.7,-0.9936806695,3.160499928,282129.57,9,False,False,-0.006758631916511271,1
22473458,2025-05-13 09:36:59.000,0x8f9d23e6d3ba4ccbc0b9a60486b3cbc91a65e219571e3b870073c590b7fed59a,0x76edf8c155a1e0d9b2ad11b04d9671cbc25fee99,0xcf5540fffcdc3d510b18bfca6d2b9987b0772559,0x0b599ebf4e05af48b56d38e2dde520570c366460,WBTC,LBTC,3.00045054,-3.00352831,307933.24,-306008.47,-0.9937493919,3.222589347,307933.24,9,False,False,-0.01839580595913548,1
22473457,2025-05-13 09:36:47.000,0x0464cfb6df05c2e3ece201a1c3eac202d7501d88a7dbae3baba15a6530900f85,0x828ae1566824a9835acb6f565e1e9ea22bfb883a,0x828ae1566824a9835acb6f565e1e9ea22bfb883a,0xa69377f97ed3a23986b9c48d0078ab8879cc9015,BERRY,WETH,-36272.191805639,0.3356513721,-605.68,827.43,-1.366117422,122.890045904,827.43,9,False,True,-0.03894337251229485,1
22473454,2025-05-13 09:36:11.000,0x7157a10ceeedbd8ddac3d6a1da41503cc90ed80bb237bb0ece2b6e900da56b5c,0xfbd4cdb413e45a52e2c8312f670e9ce67e794c37,0xfbd4cdb413e45a52e2c8312f670e9ce67e794c37,0x99ac8ca7087fa4a2a1fb6357269965a2014abc35,WBTC,USDC,-2.64890956,273811.08733,-271854.94,273803.69,-1.007168345,32.788420112,273803.69,9,False,True,-0.030460695227952472,1
22473450,2025-05-13 09:35:23.000,0xbde42c6ab28c8c97e8615d20a77a7c32f51cdfef1ad1e5e6355febac09e2e04f,0x5dc62cea20b0e7c3607adcc61a885ff9369dbc60,0x5dc62cea20b0e7c3607adcc61a885ff9369dbc60,0x99ac8ca7087fa4a2a1fb6357269965a2014abc35,WBTC,USDC,-2.56868611,265424.802432,-263621.69,265417.64,-1.006812603,107.729566019,265417.64,9,False,True,-0.08822847793052302,1
22473448,2025-05-13 09:34:59.000,0x69e813f853a66a02cec47c956989d1ccd02adb380b6a995266c7474ef0e0cf24,0x5dc62cea20b0e7c3607adcc61a885ff9369dbc60,0x5dc62cea20b0e7c3607adcc61a885ff9369dbc60,0x99ac8ca7087fa4a2a1fb6357269965a2014abc35,WBTC,USDC,-1.76854044,182691.328343,-181503.54,182686.4,-1.006517008,33.065468214,182686.4,9,False,True,-0.016289229157234297,1
22473428,2025-05-13 09:30:59.000,0x8c6394d32142cfd56792a23dbf91ce9db5aa4d7ba69e12fba0a9801926496461,0x5dc62cea20b0e7c3607adcc61a885ff9369dbc60,0x5dc62cea20b0e7c3607adcc61a885ff9369dbc60,0x99ac8ca7087fa4a2a1fb6357269965a2014abc35,WBTC,USDC,-2.11616888,218544.085923,-217180.3,218538.19,-1.006252363,41.559912673,218538.19,9,False,True,-0.021219033816570088,1
22473414,2025-05-13 09:28:11.000,0x7387cfa2a3f4814f861d6576e53232c042ee59164dc2c3fb47d99a088c7399b4,0x5dc62cea20b0e7c3607adcc61a885ff9369dbc60,0x5dc62cea20b0e7c3607adcc61a885ff9369dbc60,0x99ac8ca7087fa4a2a1fb6357269965a2014abc35,WBTC,USDC,-2.08853422,215628.785858,-214344.18,215622.96,-1.005966012,61.818182494,215622.96,9,False,True,-0.043953767681240374,1
22473406,2025-05-13 09:26:35.000,0x3b991e777c839bad2fd4975c7252ff946e13ccf63a94ca5f9b9cb9dc9ae22152,0x5dc62cea20b0e7c3607adcc61a885ff9369dbc60,0x5dc62cea20b0e7c3607adcc61a885ff9369dbc60,0x99ac8ca7087fa4a2a1fb6357269965a2014abc35,WBTC,USDC,-2.07503212,214174.418688,-212958.47,214168.64,-1.005682657,44.89578894,214168.64,9,False,True,-0.02929266861159885,1
22473368,2025-05-13 09:18:59.000,0x263d7398c968f28e3252395d9f85138661015364d9d86e44614ee8ddfc2a990c,0x51c72848c68a965f66fa7a88855f9f7784502a7f,0x51c72848c68a965f66fa7a88855f9f7784502a7f,0x4e68ccd3e89f51c3074ca5072bbac773960dfa36,WETH,USDT,-30.316394421,75064.601269,-74734.16,75062.72,-1.004396383,79.273643136,75062.72,9,False,True,-0.011996687157445618,1
22473365,2025-05-13 09:18:23.000,0x916e0a04d80cd1a4b0ddb44da3d1520abc50e8fcc4f98bfc2eaab74fbc9b2fde,0x1f2f10d1c40777ae1da742455c65828ff36df387,0x1f2f10d1c40777ae1da742455c65828ff36df387,0xc7bbec68d12a0d1830360f8ec58fa599ba1b0e9b,WETH,USDT,-27.323089804,67161.187328,-67355.24,67159.51,-0.9970940642,88.362380948,67159.51,9,False,True,-0.014960168331627388,1
22473349,2025-05-13 09:15:11.000,0xa189b8cf5d384959d246d2315bd71f911abfabad7d8ae0ce9bc1473968ce5b4e,0x1f2f10d1c40777ae1da742455c65828ff36df387,0x1f2f10d1c40777ae1da742455c65828ff36df387,0xc7bbec68d12a0d1830360f8ec58fa599ba1b0e9b,WETH,USDT,81.421086442,-204179.333377,200714.38,-204174.23,-1.017237679,135.335790002,200714.38,9,False,True,-0.0854266748522865,1
22473349,2025-05-13 09:15:11.000,0x90261be3d11d3091ed5a3a7ae5c858ff898e42d3eb779ce840d8042a01698436,0xf3fe03cd60d1f138ebc106ce9575475100ebfc9a,0x9008d19f58aabd9ed0d60971565aa8510560ab41,0x4e665157291dbcb25152ebb01061e4012f58add2,USD0,USDC,-327209.283401687,326583.722557,-326432.82,326574.9,-1.00043525,1.689117078,326574.9,9,False,False,-0.013222424706377245,1
22473348,2025-05-13 09:14:59.000,0xbfa10d58e7ac7a60d32b9be55153e46bda4bb093ac4ccf68bfd44a5e7de97c40,0xaf92e072cb195e7549f18ed99e72800f9203c72d,0xaf92e072cb195e7549f18ed99e72800f9203c72d,0x73a38006d23517a1d383c88929b2014f8835b38b,tBTC,WBTC,16.839403626,-16.79507771,1724237.06,-1723662.03,-0.9996665018,1.5823952,1724237.06,9,False,True,-0.0034915260833766615,1
22473348,2025-05-13 09:14:59.000,0xc87e08cf46e9fb864b46d145e0e608d287959de99b7d6d5af91a5ac9d4925ead,0xaf92e072cb195e7549f18ed99e72800f9203c72d,0xaf92e072cb195e7549f18ed99e72800f9203c72d,0x73a38006d23517a1d383c88929b2014f8835b38b,tBTC,WBTC,-15.9407215,15.90155881,-1632218.3,1631961.08,-0.9998424108,26.327962311,1631961.08,9,False,True,-0.0444706559585315,1
22473344,2025-05-13 09:14:11.000,0xf42bad08a349c138d8284c63754a4b512963d4c140e7ea489cefd9d33595d854,0xf3fe03cd60d1f138ebc106ce9575475100ebfc9a,0xe8f7c89c5efa061e340f2d2f206ec78fd8f7e124,0x0b599ebf4e05af48b56d38e2dde520570c366460,WBTC,LBTC,-5.15090688,5.15690162,-528632.42,525400.61,-0.9938864703,1.685469324,525400.61,9,False,False,-0.028831932956461248,1
22473344,2025-05-13 09:14:11.000,0xf42bad08a349c138d8284c63754a4b512963d4c140e7ea489cefd9d33595d854,0xf3fe03cd60d1f138ebc106ce9575475100ebfc9a,0x9008d19f58aabd9ed0d60971565aa8510560ab41,0xe8f7c89c5efa061e340f2d2f206ec78fd8f7e124,WBTC,cbBTC,5.15090688,-5.14909765,528632.42,-528663.0,-1.000057847,1.685469324,528632.42,9,False,False,-0.023975657142076834,1
22473335,2025-05-13 09:12:23.000,0xb1c4cf5be0d5c481f8c97748adeb8199d66b83969b1908c8e08d143cb6f76a73,0x1f2f10d1c40777ae1da742455c65828ff36df387,0x1f2f10d1c40777ae1da742455c65828ff36df387,0x4585fe77225b41b697c938b018e2ac67ac5a20c0,WBTC,WETH,3.64384721,-153.998375941,373964.4,-379627.56,-1.015143581,958.812851752,373964.4,9,False,True,-0.14657456167411953,1
22473335,2025-05-13 09:12:23.000,0xb1c4cf5be0d5c481f8c97748adeb8199d66b83969b1908c8e08d143cb6f76a73,0x1f2f10d1c40777ae1da742455c65828ff36df387,0x1f2f10d1c40777ae1da742455c65828ff36df387,0xc7bbec68d12a0d1830360f8ec58fa599ba1b0e9b,WETH,USDT,3.316896618,-8187.803905,8176.61,-8187.6,-1.001344078,958.812851752,8176.61,9,False,True,-0.02555276864954703,1
22473335,2025-05-13 09:12:23.000,0xb1c4cf5be0d5c481f8c97748adeb8199d66b83969b1908c8e08d143cb6f76a73,0x1f2f10d1c40777ae1da742455c65828ff36df387,0x1f2f10d1c40777ae1da742455c65828ff36df387,0x9a772018fbd77fcd2d25657e5c547baff3fd7d16,WBTC,USDC,-0.35442766,36503.843328,-36374.56,36502.86,-1.00352719,958.812851752,36502.86,9,False,True,-0.05153631008120274,1
22473317,2025-05-13 09:08:47.000,0x9706f37e5dc4d35345e4b74769ef1cf2b7d8a4d447dc7781c7fc4275685482c4,0x1f2f10d1c40777ae1da742455c65828ff36df387,0x1f2f10d1c40777ae1da742455c65828ff36df387,0x9a772018fbd77fcd2d25657e5c547baff3fd7d16,WBTC,USDC,-1.21059127,124711.26912,-124241.77,124707.9,-1.003751798,876.381012132,124707.9,9,False,True,-0.1070310739843977,1
22473317,2025-05-13 09:08:47.000,0x9706f37e5dc4d35345e4b74769ef1cf2b7d8a4d447dc7781c7fc4275685482c4,0x1f2f10d1c40777ae1da742455c65828ff36df387,0x1f2f10d1c40777ae1da742455c65828ff36df387,0x9a772018fbd77fcd2d25657e5c547baff3fd7d16,WBTC,USDC,0.93563025,-96308.713729,96022.8,-96306.11,-1.002950445,876.381012132,96022.8,9,False,True,-0.09486571303574232,1
22473317,2025-05-13 09:08:47.000,0x9706f37e5dc4d35345e4b74769ef1cf2b7d8a4d447dc7781c7fc4275685482c4,0x1f2f10d1c40777ae1da742455c65828ff36df387,0x1f2f10d1c40777ae1da742455c65828ff36df387,0x88e6a0c2ddd26feeb64f039a2c41296fcb3f5640,USDC,WETH,96308.707327,-39.129259281,96306.11,-96459.1,-1.00158858,876.381012132,96306.11,9,False,True,-0.0953655442892527,1
22473317,2025-05-13 09:08:47.000,0x9706f37e5dc4d35345e4b74769ef1cf2b7d8a4d447dc7781c7fc4275685482c4,0x1f2f10d1c40777ae1da742455c65828ff36df387,0x1f2f10d1c40777ae1da742455c65828ff36df387,0x4585fe77225b41b697c938b018e2ac67ac5a20c0,WBTC,WETH,3.62140133,-153.084023171,371660.8,-377373.55,-1.01537087,876.381012132,371660.8,9,False,True,-0.14657456167411953,1
22473292,2025-05-13 09:03:35.000,0x6f35fc39a353493ef9a19559c8ecd85188ea22f0a3367690491452dd5527f288,0x1f2f10d1c40777ae1da742455c65828ff36df387,0x1f2f10d1c40777ae1da742455c65828ff36df387,0x371a0985d104c706cafa26ffb990f55ba55bf6c5,CAH,USDT,642.241779448,-3487.708619,2832.29,-3487.62,-1.231378143,336.811325933,2832.29,9,False,True,-0.04420461450756541,1
22473288,2025-05-13 09:02:47.000,0x28f864cf7a0d9336fe681e0754638ee9dc09e374cdc787e1474ff8cbed7443aa,0x5dc62cea20b0e7c3607adcc61a885ff9369dbc60,0x5dc62cea20b0e7c3607adcc61a885ff9369dbc60,0x92560c178ce069cc014138ed3c2f5221ba71f58a,WETH,ENS,40.135161044,-4202.315190219,98938.79,-94972.32,-0.9599098594,515.112980619,98938.79,9,False,True,-0.09744286600663887,1
22473280,2025-05-13 09:01:11.000,0x9397ffc68e2f02a6f4afe8d54c8ae5e16081d7f959908bc5c4dce215d53a19c6,0xfbd4cdb413e45a52e2c8312f670e9ce67e794c37,0xfbd4cdb413e45a52e2c8312f670e9ce67e794c37,0x88e6a0c2ddd26feeb64f039a2c41296fcb3f5640,USDC,WETH,11228.54811,-4.566215766,11228.24,-11256.36,-1.0025044,273.903401965,11228.24,9,False,True,-0.012043463025901202,1
22473280,2025-05-13 09:01:11.000,0x9397ffc68e2f02a6f4afe8d54c8ae5e16081d7f959908bc5c4dce215d53a19c6,0xfbd4cdb413e45a52e2c8312f670e9ce67e794c37,0xfbd4cdb413e45a52e2c8312f670e9ce67e794c37,0x15153da0e9e13cfc167b3d417d3721bf545479bb,Neiro,WETH,13779852.6968595,-3.359163171,7795.12,-8280.81,-1.06230693,273.903401965,7795.12,9,False,True,-0.019538470654067885,1
22473275,2025-05-13 09:00:11.000,0x1444e96271b739fbc4d0b48247f37126caf7d5df02f77b058fc5a91863e83a39,0x5dc62cea20b0e7c3607adcc61a885ff9369dbc60,0x5dc62cea20b0e7c3607adcc61a885ff9369dbc60,0x92560c178ce069cc014138ed3c2f5221ba71f58a,WETH,ENS,25.360108753,-2680.425160824,62516.22,-60577.61,-0.9689902876,131.467353164,62516.22,9,False,True,-0.043074638786581465,1
22473256,2025-05-13 08:56:23.000,0x790fdf2f7b48c7af6c990557f0f248ef8e38113be621f919d57c1e7f7b181297,0xfbd4cdb413e45a52e2c8312f670e9ce67e794c37,0xfbd4cdb413e45a52e2c8312f670e9ce67e794c37,0x15153da0e9e13cfc167b3d417d3721bf545479bb,Neiro,WETH,-6029366.80452005,1.434938829,-2752.1,3522.03,-1.27976091,90.328838294,3522.03,8,False,True,-0.033339199252138574,1
22473247,2025-05-13 08:54:35.000,0x9e2ee4405a1d29bd0f6cc9b66a28f18c363c53fec311abd20ea113ca73c5f1f9,0xfbd4cdb413e45a52e2c8312f670e9ce67e794c37,0xfbd4cdb413e45a52e2c8312f670e9ce67e794c37,0x5552727005cc8194c1559289a532deb288964fd8,MOODENG,WETH,-2229147.30192926,0.05173303851,-116.58,126.98,-1.089209127,1051.033711798,126.98,8,False,True,-0.04844145159063251,1
22473234,2025-05-13 08:51:59.000,0xc349f60d4c4898973eb9c93882f67eedcc9c624be31cc5ff8bb0eff6e86b3a8e,0xfbd4cdb413e45a52e2c8312f670e9ce67e794c37,0xfbd4cdb413e45a52e2c8312f670e9ce67e794c37,0x15153da0e9e13cfc167b3d417d3721bf545479bb,Neiro,WETH,7699498.39399478,-1.823266707,3514.44,-4475.17,-1.273366454,86.641018206,3514.44,8,False,True,-0.031052897704176075,1
22473232,2025-05-13 08:51:35.000,0x5ee510c46136f6b716bcdeb7c8c32e28660cb60382751e41f62e0cfd89561e22,0xfbd4cdb413e45a52e2c8312f670e9ce67e794c37,0xfbd4cdb413e45a52e2c8312f670e9ce67e794c37,0x15153da0e9e13cfc167b3d417d3721bf545479bb,Neiro,WETH,4403380.82720481,-1.051878138,2009.92,-2581.81,-1.284533713,92.534863425,2009.92,8,False,True,-0.034646615997584895,1
22473231,2025-05-13 08:51:23.000,0x0a680e9aeb36477a7c3e3c37177d775a656d9b36866e75727e3d09df155b753f,0xfbd4cdb413e45a52e2c8312f670e9ce67e794c37,0xfbd4cdb413e45a52e2c8312f670e9ce67e794c37,0x15153da0e9e13cfc167b3d417d3721bf545479bb,Neiro,WETH,5513141.88956168,-1.326476986,2516.47,-3255.81,-1.293800443,78.554859515,2516.47,8,False,True,-0.030580074155349135,1
22473220,2025-05-13 08:49:11.000,0x9b5d44f90254547213e2ad757fa7497941a79b76582f4eba82180b4d4177846a,0xe592427a0aece92de3edee1f18e0157c05861564,0x6a000f20005980200259b80c5102003040001068,0xe8f7c89c5efa061e340f2d2f206ec78fd8f7e124,WBTC,cbBTC,3.00070571,-2.99965899,307599.34,-307297.07,-0.9990173256,2.2521443,307599.34,8,False,False,-0.02462243870448977,1
22473220,2025-05-13 08:49:11.000,0x9b5d44f90254547213e2ad757fa7497941a79b76582f4eba82180b4d4177846a,0xe592427a0aece92de3edee1f18e0157c05861564,0x00c600b30fb0400701010f4b080409018b9006e0,0x0b599ebf4e05af48b56d38e2dde520570c366460,WBTC,LBTC,-2.58059121,2.5836765,-264533.82,264516.8,-0.9999356604,2.2521443,264516.8,8,False,False,-0.009499104651396806,1
22473218,2025-05-13 08:48:47.000,0x858b446f3b4203113a324ad8f5f68fc364373d7af7ba731cf1b5920eb6f6e498,0xe592427a0aece92de3edee1f18e0157c05861564,0xf5213a6a2f0890321712520b8048d9886c1a9900,0x2b7e68fa478ebf6b1b4697fabaedb61fe17cfab5,PROMPT,WETH,-21933.937,2.736525524,-6727.25,6716.75,-0.9984391839,179.166375416,6716.75,8,False,False,-0.039299901604889054,1
22473218,2025-05-13 08:48:47.000,0x2c71aa7aa3abf4b3e6f9eb62b2d27e65c9e02db3ded67b2f40c03e8761ca73f6,0x51c72848c68a965f66fa7a88855f9f7784502a7f,0x51c72848c68a965f66fa7a88855f9f7784502a7f,0xf7fd0860922bd3352e2dbaf725a182b74bf7a2e1,PROMPT,USDC,-21554.74038566,6599.397838,-6610.95,6599.21,-0.9982241584,186.206575401,6599.21,8,False,True,-2.676060502326827e-05,1
22473216,2025-05-13 08:48:23.000,0x1a6aa6d921714660e2f435e9d8dda98698eb283d291dd22051c8b577534ad3b3,0x76edf8c155a1e0d9b2ad11b04d9671cbc25fee99,0xcf5540fffcdc3d510b18bfca6d2b9987b0772559,0x6dcba3657ee750a51a13a235b4ed081317da3066,beraSTONE,WETH,-96.866349211,96.790630673,-237307.06,237570.67,-1.001110839,6.7,237570.67,8,False,False,-0.019346863384392843,1
22473212,2025-05-13 08:47:35.000,0x531a39c1098dc9c14f0b5bf32acc51d8ec93ecac3643eb8941a9cc0a1a6fa3d8,0xd1cd5251da82721941ad2a8f009fb62e72e05e76,0xd1cd5251da82721941ad2a8f009fb62e72e05e76,0x57f52c9faa6d40c5163d76b8d7dd81ddb7c95434,OBOL,WETH,20918.640054042,-2.1030897,5093.0,-5161.99,-1.013546044,214.763156855,5093.0,8,False,True,-0.0013020710275889469,1
22473182,2025-05-13 08:41:35.000,0x39908623c539c3e5fa9602cf79eb3614b01b81c2028aca76cb2903687e89c843,0xfbd4cdb413e45a52e2c8312f670e9ce67e794c37,0xfbd4cdb413e45a52e2c8312f670e9ce67e794c37,0x15153da0e9e13cfc167b3d417d3721bf545479bb,Neiro,WETH,-11287346.7369026,2.690195804,-5152.11,6603.03,-1.281616658,325.45068503,6603.03,8,False,True,-0.08018009164308693,1
22473182,2025-05-13 08:41:35.000,0x39908623c539c3e5fa9602cf79eb3614b01b81c2028aca76cb2903687e89c843,0xfbd4cdb413e45a52e2c8312f670e9ce67e794c37,0xfbd4cdb413e45a52e2c8312f670e9ce67e794c37,0x127452f3f9cdc0389b0bf59ce6131aa3bd763598,WETH,SOL,0.7891675652,-11.274471566,1937.0,-1929.51,-0.9961331957,325.45068503,1937.0,8,False,True,-0.016099111023714197,1
22473182,2025-05-13 08:41:35.000,0x39908623c539c3e5fa9602cf79eb3614b01b81c2028aca76cb2903687e89c843,0xfbd4cdb413e45a52e2c8312f670e9ce67e794c37,0xfbd4cdb413e45a52e2c8312f670e9ce67e794c37,0x70cf99553471fe6c0d513ebfac8acc55ba02ab7b,MEME,WETH,-417033.00003468,0.4472141546,-1052.42,1097.68,-1.043005644,325.45068503,1097.68,8,False,True,-0.016001542204296282,1
22473180,2025-05-13 08:41:11.000,0x20eb9ea822e59f8e088b2f8ba9547534176d7207a71b99cfcfcdfc16717fb2c7,0xfbd4cdb413e45a52e2c8312f670e9ce67e794c37,0xfbd4cdb413e45a52e2c8312f670e9ce67e794c37,0x15153da0e9e13cfc167b3d417d3721bf545479bb,Neiro,WETH,-5835582.4546073,1.369832746,-2663.65,3362.23,-1.262264186,165.744095991,3362.23,8,False,True,-0.05359511800732786,1
22473102,2025-05-13 08:25:35.000,0x449aabe9a48947bb07c36db333994afcf0625128a19d0342e6fee2070f267389,0xfbd4cdb413e45a52e2c8312f670e9ce67e794c37,0xfbd4cdb413e45a52e2c8312f670e9ce67e794c37,0x15153da0e9e13cfc167b3d417d3721bf545479bb,Neiro,WETH,9427592.91025871,-2.201689877,4303.22,-5404.0,-1.255803793,88.276033104,4303.22,8,False,True,-0.021015326310323323,1
22473102,2025-05-13 08:25:35.000,0xcbcba502da7663ca936c19b4fe88464e5faca7292ede940a0661e4f77bfc3249,0x5141b82f5ffda4c6fe1e372978f1c5427640a190,0x5141b82f5ffda4c6fe1e372978f1c5427640a190,0x0b599ebf4e05af48b56d38e2dde520570c366460,WBTC,LBTC,9.18,-9.18769784,941032.62,-940636.5,-0.9995790582,2.160956262,941032.62,8,False,True,-0.014928275177045536,1
22473102,2025-05-13 08:25:35.000,0xcbcba502da7663ca936c19b4fe88464e5faca7292ede940a0661e4f77bfc3249,0x5141b82f5ffda4c6fe1e372978f1c5427640a190,0x5141b82f5ffda4c6fe1e372978f1c5427640a190,0xe8f7c89c5efa061e340f2d2f206ec78fd8f7e124,WBTC,cbBTC,12.96,-12.95580954,1328516.64,-1327244.95,-0.9990427745,2.160956262,1328516.64,8,False,True,-0.018999563187665824,1
22473102,2025-05-13 08:25:35.000,0xcbcba502da7663ca936c19b4fe88464e5faca7292ede940a0661e4f77bfc3249,0x5141b82f5ffda4c6fe1e372978f1c5427640a190,0x5141b82f5ffda4c6fe1e372978f1c5427640a190,0x87428a53e14d24ab19c6ca4939b4df93b8996ca9,WBTC,LBTC,6.48,-6.48379827,664258.32,-663811.27,-0.9993269938,2.160956262,664258.32,8,False,True,-0.0036553517113822043,1
22473099,2025-05-13 08:24:59.000,0xcb2b83d71edfb469e393b31b4d0a55a8ff28dc9104206cc4f0b7de51286c77e6,0xfbd4cdb413e45a52e2c8312f670e9ce67e794c37,0xfbd4cdb413e45a52e2c8312f670e9ce67e794c37,0x15153da0e9e13cfc167b3d417d3721bf545479bb,Neiro,WETH,-7212911.76163704,1.702583294,-3292.33,4178.96,-1.26930168,193.576768571,4178.96,8,False,True,-0.06878386221899402,1
22473092,2025-05-13 08:23:35.000,0xf2be7ddc94b6e4fb72f201ec76b03054c476dc68d46140bc888347a27a75358e,0x828ae1566824a9835acb6f565e1e9ea22bfb883a,0x0d1cfdb753f03500f5ae1f565dc3823367630061,0x0105b9b95f63e54650f70125402588ad329d5b00,COCORO,WETH,-29041481.6432881,0.2856462618,-539.59,701.11,-1.299338387,30.956127238,701.11,8,False,False,-0.0308149032247238,1
22473088,2025-05-13 08:22:47.000,0x6098165dc7a6aec7fac18705635299d0e3f35f05314adb63435349383818e181,0x51c72848c68a965f66fa7a88855f9f7784502a7f,0x51c72848c68a965f66fa7a88855f9f7784502a7f,0x88e6a0c2ddd26feeb64f039a2c41296fcb3f5640,USDC,WETH,-84765.555155,34.48368412,-84763.1,84639.51,-0.9985419363,90.061230411,84639.51,8,False,True,-0.027723163065291545,1
22473078,2025-05-13 08:20:47.000,0x81f76616377bc2ad5c667b54e74e375d60ae1f9c4dff2b66f0359a2b7e56298f,0xfbd4cdb413e45a52e2c8312f670e9ce67e794c37,0xfbd4cdb413e45a52e2c8312f670e9ce67e794c37,0x88e6a0c2ddd26feeb64f039a2c41296fcb3f5640,USDC,WETH,-137227.181976,55.72364829,-137223.2,136772.58,-0.996716153,71.168656691,136772.58,8,False,True,-0.042396948775408894,1
22473074,2025-05-13 08:19:59.000,0x945a99f61e399c3372f3e2c28f224cb94f5f20f38ed30dcb911dc9119532b815,0x1f2f10d1c40777ae1da742455c65828ff36df387,0x1f2f10d1c40777ae1da742455c65828ff36df387,0xc7bbec68d12a0d1830360f8ec58fa599ba1b0e9b,WETH,USDT,-74.382301696,180341.341184,-182569.87,180337.91,-0.9877747626,158.872918125,180337.91,8,False,True,-0.10272738352253308,1
22473073,2025-05-13 08:19:47.000,0x39ad733ffcc786d0bba3efd320d7ecc3694ef732799b66cb61979a9adfa335bd,0x828ae1566824a9835acb6f565e1e9ea22bfb883a,0x0d1cfdb753f03500f5ae1f565dc3823367630061,0x0105b9b95f63e54650f70125402588ad329d5b00,COCORO,WETH,-97457889.4534901,0.8801312309,-1810.77,2160.26,-1.19300629,118.942097021,2160.26,8,False,False,-0.05612692978536704,1
22473043,2025-05-13 08:13:47.000,0x0399f161cb0994b92f44b212fc7dad5196329ad29468b495e9b58f82a4f72013,0x1f2f10d1c40777ae1da742455c65828ff36df387,0x1f2f10d1c40777ae1da742455c65828ff36df387,0xc7bbec68d12a0d1830360f8ec58fa599ba1b0e9b,WETH,USDT,-14.258990354,35072.49792,-34998.41,35071.83,-1.00209781,131.079578757,35071.83,8,False,True,-0.00436654395276137,1
22473043,2025-05-13 08:13:47.000,0x0399f161cb0994b92f44b212fc7dad5196329ad29468b495e9b58f82a4f72013,0x1f2f10d1c40777ae1da742455c65828ff36df387,0x1f2f10d1c40777ae1da742455c65828ff36df387,0xe0554a476a092703abdb3ef35c80e0d76d32939f,USDC,WETH,-107679.33808,43.366800184,-107676.22,106442.94,-0.9885464033,131.079578757,106442.94,8,False,True,-0.0632628517895174,1
22472985,2025-05-13 08:02:11.000,0x10ecada3c443157f2a97f7dcda536bf7b6c2e356ef2edd39d68d2855d12d312b,0xfbd4cdb413e45a52e2c8312f670e9ce67e794c37,0xfbd4cdb413e45a52e2c8312f670e9ce67e794c37,0x92560c178ce069cc014138ed3c2f5221ba71f58a,WETH,ENS,8.830688343,-958.309228127,21674.75,-21360.71,-0.9855112516,135.269508299,21674.75,8,False,True,-0.007873843362607436,1
22472985,2025-05-13 08:02:11.000,0x10ecada3c443157f2a97f7dcda536bf7b6c2e356ef2edd39d68d2855d12d312b,0xfbd4cdb413e45a52e2c8312f670e9ce67e794c37,0xfbd4cdb413e45a52e2c8312f670e9ce67e794c37,0x15153da0e9e13cfc167b3d417d3721bf545479bb,Neiro,WETH,-9842991.59713353,2.28436772,-4492.83,5606.93,-1.247972881,135.269508299,5606.93,8,False,True,-0.04431568461378976,1
22472982,2025-05-13 08:01:35.000,0x6f0596742d8ae9d5dbdd60e82a4622d63b8ecd91ffc3a7415949fd9b17537354,0x6e0064cb01008bcb00a91f00dc43e500a2ce00d6,0x6e0064cb01008bcb00a91f00dc43e500a2ce00d6,0x738ea57616fa9dab407e9e7920d446eaf4e7eaaa,WETH,ZETA,-0.07513503709,654.313111269,-184.42,185.31,-1.004825941,1034.121170459,185.31,8,False,True,-0.02426363894607686,1
22472980,2025-05-13 08:01:11.000,0x5e4ca2ec9c5c344ffd86f5e81651442fec0973d2bcd0b4375750f1f5de4144c1,0xfbd4cdb413e45a52e2c8312f670e9ce67e794c37,0xfbd4cdb413e45a52e2c8312f670e9ce67e794c37,0x15153da0e9e13cfc167b3d417d3721bf545479bb,Neiro,WETH,2378098.08817531,-0.5443541269,1085.48,-1336.11,-1.230893245,72.748279652,1085.48,8,False,True,-0.0012717106763457942,1
22472978,2025-05-13 08:00:47.000,0x0ac94eed270b0c782ae294814c2f19214a36b457dfc40c3f4360ce28be78e9f6,0xfbd4cdb413e45a52e2c8312f670e9ce67e794c37,0xfbd4cdb413e45a52e2c8312f670e9ce67e794c37,0x15153da0e9e13cfc167b3d417d3721bf545479bb,Neiro,WETH,5558405.88480783,-1.279520839,2537.13,-3140.56,-1.237839606,89.254082204,2537.13,8,False,True,-0.02059231872303724,1
22472972,2025-05-13 07:59:35.000,0x0aef89978ab71dd59333808c2dc8b0bc424ede71e73c77078ad7ae106357c573,0xfbd4cdb413e45a52e2c8312f670e9ce67e794c37,0xfbd4cdb413e45a52e2c8312f670e9ce67e794c37,0x15153da0e9e13cfc167b3d417d3721bf545479bb,Neiro,WETH,-4646383.90361476,1.074002206,-2088.97,2628.55,-1.258299545,70.004266734,2628.55,7,False,True,-0.032148142621189146,1
22472971,2025-05-13 07:59:23.000,0xb08ed7d65e33d7dffff2701a956cbcc4dc0099e28acff4957414a10e5e64ffca,0xe592427a0aece92de3edee1f18e0157c05861564,0x1ed2584074b802929c7d94ca43459ac9b074141d,0x4e665157291dbcb25152ebb01061e4012f58add2,USD0,USDC,-235478.159534557,235000.0,-234917.25,235000.0,-1.000352252,1.973661945,235000.0,7,False,False,-0.01715684062996692,1
22472966,2025-05-13 07:58:23.000,0xd9f9ddb74feb4e394517cb8981dce02c822c6c0471fbf1b554366ceef7716f8a,0xe592427a0aece92de3edee1f18e0157c05861564,0xf5213a6a2f0890321712520b8048d9886c1a9900,0xf8e349d1d827a6edf17ee673664cfad4ca78c533,USDC,SEI,-20000.0,78693.144550531,-20000.0,19911.88,-0.995594,27.497793341,19911.88,7,False,False,-0.0022134281147682122,1
22472959,2025-05-13 07:56:59.000,0xff9c373b78134fd4b0bf6b460b1aab722ceeae47793a7331682324cd46f206ac,0xfbd4cdb413e45a52e2c8312f670e9ce67e794c37,0xfbd4cdb413e45a52e2c8312f670e9ce67e794c37,0x15153da0e9e13cfc167b3d417d3721bf545479bb,Neiro,WETH,-4432378.31215473,1.021712398,-1992.75,2500.57,-1.254833772,65.305622969,2500.57,7,False,True,-0.022287054077410273,1
22472957,2025-05-13 07:56:35.000,0x02b5a87b0ba48f2a4d2b667d61df106267a39ac3cab51b0be9fad141ab3f8f45,0x1f2f10d1c40777ae1da742455c65828ff36df387,0x1f2f10d1c40777ae1da742455c65828ff36df387,0x88e6a0c2ddd26feeb64f039a2c41296fcb3f5640,USDC,WETH,6329.389027,-2.567679768,6329.39,-6284.22,-0.9928634513,246.169872557,6329.39,7,False,True,-0.03752856080785605,1
22472957,2025-05-13 07:56:35.000,0x02b5a87b0ba48f2a4d2b667d61df106267a39ac3cab51b0be9fad141ab3f8f45,0x1f2f10d1c40777ae1da742455c65828ff36df387,0x88e6a0c2ddd26feeb64f039a2c41296fcb3f5640,0xe0554a476a092703abdb3ef35c80e0d76d32939f,USDC,WETH,-6329.389027,2.56667747,-6329.39,6281.76,-0.9924747882,246.169872557,6281.76,7,False,False,-0.05655164042259786,1
22472950,2025-05-13 07:55:11.000,0x562edb130435c6f6d49df5c6f73821028ae91edcc0c41d201b9ec259da4246dc,0x76edf8c155a1e0d9b2ad11b04d9671cbc25fee99,0xcf5540fffcdc3d510b18bfca6d2b9987b0772559,0x6dcba3657ee750a51a13a235b4ed081317da3066,beraSTONE,WETH,-94.556415177,94.580002245,-231057.11,231477.93,-1.001821281,6.2,231477.93,7,False,False,-0.03987073371029315,1
22472945,2025-05-13 07:53:59.000,0x73436349ca4b4959303df2b34c57a756115d27da92274cd5113f7a1cd8e72e59,0x1f2f10d1c40777ae1da742455c65828ff36df387,0x1f2f10d1c40777ae1da742455c65828ff36df387,0xc7bbec68d12a0d1830360f8ec58fa599ba1b0e9b,WETH,USDT,73.050389001,-182553.246209,178785.71,-182545.58,-1.021030036,230.242914102,178785.71,7,False,True,-0.12964971488100485,1
22472945,2025-05-13 07:53:59.000,0xa0905a4389d0dad9372145bffab27e5160fb3de7d424e863439f67c83e9296b6,0x1f2f10d1c40777ae1da742455c65828ff36df387,0x1f2f10d1c40777ae1da742455c65828ff36df387,0xc7bbec68d12a0d1830360f8ec58fa599ba1b0e9b,WETH,USDT,-73.05039259,182396.125184,-178785.72,182388.46,-1.020151162,1.831450193,182388.46,7,False,True,-0.012981773536165142,1
22472940,2025-05-13 07:52:47.000,0x13532ba05873539baa1fff4f7640f2d8c666b8daf4cc31fa8b0363c91d9364ef,0x1f2f10d1c40777ae1da742455c65828ff36df387,0x1f2f10d1c40777ae1da742455c65828ff36df387,0xc7bbec68d12a0d1830360f8ec58fa599ba1b0e9b,WETH,USDT,-61.153920044,148672.382208,-149669.94,148666.14,-0.9932932425,204.678434302,148666.14,7,False,True,-0.11349328216034316,1
22472938,2025-05-13 07:52:23.000,0xca02364d28a6ceed2b34dea5d785e1ca56781c74a078be31a1fd9a9001a4fb06,0xfbd4cdb413e45a52e2c8312f670e9ce67e794c37,0xfbd4cdb413e45a52e2c8312f670e9ce67e794c37,0x15153da0e9e13cfc167b3d417d3721bf545479bb,Neiro,WETH,-8050868.41391714,1.865143116,-3619.59,4564.81,-1.261140074,83.828992328,4564.81,7,False,True,-0.03883973041669109,1
22472935,2025-05-13 07:51:47.000,0x7bf08d302ece08a0151c3373001cebff16cf440612c55a98f3a7e5f9b7895d0c,0xfbd4cdb413e45a52e2c8312f670e9ce67e794c37,0xfbd4cdb413e45a52e2c8312f670e9ce67e794c37,0x15153da0e9e13cfc167b3d417d3721bf545479bb,Neiro,WETH,-2656238.17439036,0.6090857381,-1194.22,1490.69,-1.248254091,66.860278613,1490.69,7,False,True,-0.01914061569915171,1
22472934,2025-05-13 07:51:35.000,0x142ab56415851967061cd86845c38e231c5ccce4d2d34b1fd049088fda97d417,0xe592427a0aece92de3edee1f18e0157c05861564,0x6a000f20005980200259b80c5102003040001068,0x435664008f38b0650fbc1c9fc971d0a3bc2f1e47,USDe,USDT,180044.128149322,-180187.75579,180224.17,-180180.19,-0.9997559706,2.050897631,180224.17,7,False,False,-0.015953750239474318,1
22472934,2025-05-13 07:51:35.000,0xae3f94a3e311a6d629bcb255fb23d4f11da7801e0646ca74f2a8c4f854629e6e,0xfbd4cdb413e45a52e2c8312f670e9ce67e794c37,0xfbd4cdb413e45a52e2c8312f670e9ce67e794c37,0x15153da0e9e13cfc167b3d417d3721bf545479bb,Neiro,WETH,9404108.70461342,-2.153218018,4227.99,-5269.85,-1.246419694,370.854116478,4227.99,7,False,True,-0.08051749138996267,1
22472929,2025-05-13 07:50:35.000,0x2393ed6351d87640cbfae1ba0ae75c9df0de26cb7f1ffa5e81e5413e8913d2c8,0x76edf8c155a1e0d9b2ad11b04d9671cbc25fee99,0x76edf8c155a1e0d9b2ad11b04d9671cbc25fee99,0x7eb59373d63627be64b42406b108b602174b4ccc,sUSDe,USDT,287584.89173577,-337048.425647,336474.32,-337034.27,-1.001664169,2.363649335,336474.32,7,False,True,-0.013996092960138817,1
22472926,2025-05-13 07:49:59.000,0x28be3719b8a9e1b795821ccf4c5c7c2fab52bb19dce8c5d5c74ded3c1c06e8ac,0x66a9893cc07d91d95644aedd05d03f95e1dba8af,0x66a9893cc07d91d95644aedd05d03f95e1dba8af,0x99ac8ca7087fa4a2a1fb6357269965a2014abc35,WBTC,USDC,-2.1500733,221464.937812,-220017.0,221464.94,-1.006581037,2.647138784,221464.94,7,False,True,-0.0007117550310178355,1
22472926,2025-05-13 07:49:59.000,0x03974bb83773d804d222de3ed203560a52278943b1d02f7008bc83c00561f10e,0x1f2f10d1c40777ae1da742455c65828ff36df387,0x1f2f10d1c40777ae1da742455c65828ff36df387,0x4585fe77225b41b697c938b018e2ac67ac5a20c0,WBTC,WETH,-4.00989144,168.643048507,-410332.19,412742.06,-1.005872973,2.107950279,412742.06,7,False,True,-0.023955733813154412,1
22472926,2025-05-13 07:49:59.000,0x97a78afbbfe62a6e4c0e9a8bc0198be31cf6827a22352459455cd06982514c29,0x1f2f10d1c40777ae1da742455c65828ff36df387,0x1f2f10d1c40777ae1da742455c65828ff36df387,0x4585fe77225b41b697c938b018e2ac67ac5a20c0,WBTC,WETH,4.00989138,-169.427746746,410332.18,-414662.55,-1.010553328,3663.445312262,410332.18,7,False,True,-0.15086333957663434,1
22472924,2025-05-13 07:49:35.000,0x2ac599714a1e19da189542c9fa826c8192009562f7273e168020f80e238cb8e1,0xfbd4cdb413e45a52e2c8312f670e9ce67e794c37,0xfbd4cdb413e45a52e2c8312f670e9ce67e794c37,0x15153da0e9e13cfc167b3d417d3721bf545479bb,Neiro,WETH,4781323.77095087,-1.113254717,2149.64,-2724.61,-1.267472693,82.921581551,2149.64,7,False,True,-0.04423777220652769,1
22472919,2025-05-13 07:48:35.000,0x80fbdaa490b5e49cb168d1bf3d7799a2745faad88ffffd5f2c36344212ce4b02,0xfbd4cdb413e45a52e2c8312f670e9ce67e794c37,0xfbd4cdb413e45a52e2c8312f670e9ce67e794c37,0x15153da0e9e13cfc167b3d417d3721bf545479bb,Neiro,WETH,4078594.5025782,-0.9512354732,1833.7,-2328.08,-1.269607897,58.656830538,1833.7,7,False,True,-0.016809585957596518,1
22472913,2025-05-13 07:47:23.000,0xd179a63c865b45fa3a1a696b3e75790ebb86bae6cf373823c4b374eee0829d72,0xe592427a0aece92de3edee1f18e0157c05861564,0xc9f944d1dd28c1dadfb3462966730e54f9949d51,0x435664008f38b0650fbc1c9fc971d0a3bc2f1e47,USDe,USDT,-497674.86362506,500047.57646,-498172.54,500026.57,-1.003721662,2.53567883,500026.57,7,False,False,-0.05330582874145562,1
22472912,2025-05-13 07:47:11.000,0x5394f829ae3d1ff4e58787d2b450ee5382e2f6be235fad51d5bb69cbccb63ec2,0xe592427a0aece92de3edee1f18e0157c05861564,0xf5213a6a2f0890321712520b8048d9886c1a9900,0xc2c390c6cd3c4e6c2b70727d35a45e8a072f18ca,WETH,EIGEN,4.054755,-7627.003308416,9923.73,-9838.83,-0.9914447491,46.076672885,9923.73,7,False,False,-0.0006637540484819571,1
22472911,2025-05-13 07:46:59.000,0xf59f0e2ddf20536c053f642e1c4bced079bb3203c10e93e9d16abbd368b122f4,0xfbd4cdb413e45a52e2c8312f670e9ce67e794c37,0xfbd4cdb413e45a52e2c8312f670e9ce67e794c37,0x15153da0e9e13cfc167b3d417d3721bf545479bb,Neiro,WETH,-5805617.88912501,1.35735299,-2610.15,3322.03,-1.272735283,88.213048503,3322.03,7,False,True,-0.043841518899846776,1
22472911,2025-05-13 07:46:59.000,0xf59f0e2ddf20536c053f642e1c4bced079bb3203c10e93e9d16abbd368b122f4,0xfbd4cdb413e45a52e2c8312f670e9ce67e794c37,0xfbd4cdb413e45a52e2c8312f670e9ce67e794c37,0x88e6a0c2ddd26feeb64f039a2c41296fcb3f5640,USDC,WETH,31089.015091,-12.606325197,31089.02,-30853.1,-0.9924114687,88.213048503,31089.02,7,False,True,-0.0070921574801093845,1
22472905,2025-05-13 07:45:47.000,0x12964a8bf9efb276203912fd0ee8f32b997fdb42c3f27cc44306734d22b98f4d,0xfbd4cdb413e45a52e2c8312f670e9ce67e794c37,0xfbd4cdb413e45a52e2c8312f670e9ce67e794c37,0x15153da0e9e13cfc167b3d417d3721bf545479bb,Neiro,WETH,-6949704.47537349,1.597131123,-3124.52,3908.87,-1.251030558,154.662970609,3908.87,7,False,True,-0.05864377761949502,1
22472904,2025-05-13 07:45:35.000,0x4ae06acebcfe1a9f028be1e0d220ccdc84a63426c59ca135fca0c3b3879a57b0,0xfbd4cdb413e45a52e2c8312f670e9ce67e794c37,0xfbd4cdb413e45a52e2c8312f670e9ce67e794c37,0x15153da0e9e13cfc167b3d417d3721bf545479bb,Neiro,WETH,-4491339.93714297,1.023836416,-2019.26,2505.77,-1.240934798,112.107548283,2505.77,7,False,True,-0.04856945166643878,1
22472902,2025-05-13 07:45:11.000,0xaa7b22b9f6520b0d0e47b0b93b4d8623990a26907cace6e592de793f7004c0c5,0xfbd4cdb413e45a52e2c8312f670e9ce67e794c37,0xfbd4cdb413e45a52e2c8312f670e9ce67e794c37,0x15153da0e9e13cfc167b3d417d3721bf545479bb,Neiro,WETH,8204819.16882115,-1.864014407,3688.8,-4562.04,-1.236727391,294.467362898,3688.8,7,False,True,-0.0800277027281262,1
22472894,2025-05-13 07:43:35.000,0xab298d61c28b751bb4167488322f29f00683a432925985753b952daaa4a82bfa,0xe592427a0aece92de3edee1f18e0157c05861564,0xf5213a6a2f0890321712520b8048d9886c1a9900,0xf8e349d1d827a6edf17ee673664cfad4ca78c533,USDC,SEI,-20000.0,78568.247034648,-20000.0,19880.28,-0.994014,36.417741828,19880.28,7,False,False,-0.009956030047654219,1
22472891,2025-05-13 07:42:59.000,0x1e0b50b9c02c881780cc959df85ef11ebefb23f7013a31dbf93675ca52e75f18,0x00000000003b3cc22af3ae1eac0440bcee416b40,0x00000000003b3cc22af3ae1eac0440bcee416b40,0xe0554a476a092703abdb3ef35c80e0d76d32939f,USDC,WETH,247719.190558,-101.948913717,247719.19,-249512.83,-1.007240618,47.649723781,247719.19,7,False,True,-0.06628953360081435,1
22472891,2025-05-13 07:42:59.000,0xb8fd4aef5e6b321b992b47d02170ea88eddab9c830b91de4f4f8493fe97dc91d,0x00000000003b3cc22af3ae1eac0440bcee416b40,0x00000000003b3cc22af3ae1eac0440bcee416b40,0xe0554a476a092703abdb3ef35c80e0d76d32939f,USDC,WETH,-247719.190581,101.930892582,-247719.19,249468.72,-1.007062553,2.445812657,249468.72,7,False,True,-0.00287554483705299,1
22472891,2025-05-13 07:42:59.000,0x7e3e0031f970769ce06c6c095afb100d3c2cfc0f9581d8aefc6dec10dfef62b6,0xe592427a0aece92de3edee1f18e0157c05861564,0x6a000f20005980200259b80c5102003040001068,0x7eb59373d63627be64b42406b108b602174b4ccc,sUSDe,USDT,-148405.850998752,173974.398113,-173634.85,173967.09,-1.001913441,2.945812657,173967.09,7,False,False,-0.010748292038480711,1
22472886,2025-05-13 07:41:59.000,0x11654a4c840df03fc83c8e7fbc9826d3f975f3b7024a9486ce4fbe9bf0a8af9b,0xfbd4cdb413e45a52e2c8312f670e9ce67e794c37,0xfbd4cdb413e45a52e2c8312f670e9ce67e794c37,0xc2c390c6cd3c4e6c2b70727d35a45e8a072f18ca,WETH,EIGEN,12.526288679,-23676.695809201,30657.21,-30542.94,-0.9962726549,204.358250463,30657.21,7,False,True,-0.055354183598127826,1
22472885,2025-05-13 07:41:47.000,0xf5bb617dd848dd2d94bc43c1ec4276e4fde9c8c188e51dcee80eb6d1860db9c9,0xfbd4cdb413e45a52e2c8312f670e9ce67e794c37,0xfbd4cdb413e45a52e2c8312f670e9ce67e794c37,0x15153da0e9e13cfc167b3d417d3721bf545479bb,Neiro,WETH,-12112384.2717389,2.761395154,-5445.61,6758.32,-1.241058394,276.571455109,6758.32,7,False,True,-0.08199760829412595,1
22472885,2025-05-13 07:41:47.000,0xf5bb617dd848dd2d94bc43c1ec4276e4fde9c8c188e51dcee80eb6d1860db9c9,0xfbd4cdb413e45a52e2c8312f670e9ce67e794c37,0xfbd4cdb413e45a52e2c8312f670e9ce67e794c37,0x70cf99553471fe6c0d513ebfac8acc55ba02ab7b,MEME,WETH,-544236.209647221,0.5762562011,-1368.03,1410.35,-1.030934994,276.571455109,1410.35,7,False,True,-0.03318233564594553,1
22472885,2025-05-13 07:41:47.000,0xf5bb617dd848dd2d94bc43c1ec4276e4fde9c8c188e51dcee80eb6d1860db9c9,0xfbd4cdb413e45a52e2c8312f670e9ce67e794c37,0xfbd4cdb413e45a52e2c8312f670e9ce67e794c37,0x841820459769cd629b10a36fd12e603938cc2679,WLD,WETH,-3329.878084759,1.682776366,-4029.15,4118.48,-1.022170929,276.571455109,4118.48,7,False,True,-0.03612053622026812,1
22472879,2025-05-13 07:40:35.000,0xf9dd7cdf6f83cf12cc73ccb0e4e791b6272adf6f749e3a834647c104479f27a2,0x738e79fbc9010521763944ddf13aad7f61502221,0x62d63efdfdc7804666725f4cc8cb45c1a41a0809,0x41b5b06ccf883fc1652e8d4f73a444f6bb75e384,WETH,RATO,0.6766330932,-63605928.8895213,1656.01,-1595.24,-0.9633033617,95.308724978,1656.01,7,False,False,-0.0034025516056102045,1
22472878,2025-05-13 07:40:23.000,0xfb11e153316bad675071a0210c89eafd74354e3ea8a24d7ffcfba5f9c4980e58,0xfbd4cdb413e45a52e2c8312f670e9ce67e794c37,0xfbd4cdb413e45a52e2c8312f670e9ce67e794c37,0x15153da0e9e13cfc167b3d417d3721bf545479bb,Neiro,WETH,-4899138.33008383,1.09493513,-2202.6,2679.78,-1.216643966,75.436285124,2679.78,7,False,True,-0.02904949576247473,1
22472874,2025-05-13 07:39:35.000,0x3516a5c95bebfb71ec60e6afbede76ab8a5f87822a2990b81e4ea7e13c0ddbf1,0x1f2f10d1c40777ae1da742455c65828ff36df387,0x1f2f10d1c40777ae1da742455c65828ff36df387,0xc7bbec68d12a0d1830360f8ec58fa599ba1b0e9b,WETH,USDT,28.099603757,-69668.420353,68771.81,-69665.49,-1.012994859,68.525859238,68771.81,7,False,True,-0.029985215703773882,1
22472872,2025-05-13 07:39:11.000,0x93b5f26a8d18ff4118f7028dd4fa464ce765bf6b68bcdd857a1aad23477df905,0x76edf8c155a1e0d9b2ad11b04d9671cbc25fee99,0xcf5540fffcdc3d510b18bfca6d2b9987b0772559,0x6dcba3657ee750a51a13a235b4ed081317da3066,beraSTONE,WETH,-93.824839575,93.790312344,-229269.44,229545.22,-1.001202864,6.8,229545.22,7,False,False,-0.03788680265444466,1
22472862,2025-05-13 07:37:11.000,0x904bbf8bb16f28c02089b963eebc6f5fa3e0144479db1a83f330c4ab1d376a2a,0xd1cd5251da82721941ad2a8f009fb62e72e05e76,0xd1cd5251da82721941ad2a8f009fb62e72e05e76,0x15153da0e9e13cfc167b3d417d3721bf545479bb,Neiro,WETH,-9383084.3149128,2.073342776,-4218.54,5074.36,-1.202871136,65.475855027,5074.36,7,False,True,-0.017087664603930075,1
22472858,2025-05-13 07:36:23.000,0x0e9c6e3ea57b94b620494c21a55a90dc4dab13527722f7f5ad07730d8d19ee88,0xaf92e072cb195e7549f18ed99e72800f9203c72d,0xaf92e072cb195e7549f18ed99e72800f9203c72d,0x4585fe77225b41b697c938b018e2ac67ac5a20c0,WBTC,WETH,-4.59942445,193.486769452,-470659.1,473545.32,-1.006132294,1.677952992,473545.32,7,False,True,-0.030804255807060033,1
22472858,2025-05-13 07:36:23.000,0xcb7251bec2226d5bc6a6b565337cc36b994bec2ad0a23f1298ccad65315c677b,0xaf92e072cb195e7549f18ed99e72800f9203c72d,0xaf92e072cb195e7549f18ed99e72800f9203c72d,0x4585fe77225b41b697c938b018e2ac67ac5a20c0,WBTC,WETH,3.57621316,-150.770288917,365953.89,-368999.73,-1.008323016,1.677952992,365953.89,7,False,True,-0.031718639025190565,1
